SampleID,Feature1,Feature2,Feature3,Feature4
50,1.2867702922744095,5.397544731131347,-8.496999993489682,10.007335164147063
99,6.849422013239377,-4.604580437005762,-7.379322474836385,-6.270229953083352
422,-1.9898511088115776,10.5470250412009,4.531118687771244,2.3748814060396732
413,-5.678413268987326,-7.288184966297498,-10.876452291813864,6.315436604581299
186,4.34162977484587,4.554769395315281,-9.39626099759392,9.089080579037384
122,-3.9877196134201776,8.294441919803615,4.1792400652683135,3.0302919101596477
127,-6.18140387753768,-6.486624207854197,-7.943134536608278,7.958694717180673
356,6.390056753341333,-4.15457061592976,-5.802581207916749,-6.627390120960484
429,-5.286440564511873,-7.391325269707131,-9.827932576894591,7.197735995399055
213,-7.396915641251642,-5.470762153090367,-6.53942963301676,6.960684355059044
119,-3.189222344631241,9.246539825359326,4.932951309526783,1.258818265914364
208,1.643172493876689,3.957871195818548,-10.169991028032594,8.38344031254702
79,2.9718543703054996,2.6765535874710062,-12.142231248985906,10.33251695447916
388,-6.6767041702999705,-8.39585370827318,-7.290822555305949,9.119400588594225
298,5.242535352336601,-5.836323359063171,-7.86822102988899,-5.571853839241721
291,1.7247367315041842,5.53715836923253,-9.73836570111648,9.523773496711428
395,-7.855500444128603,-5.826467796668107,-9.787726645467954,9.955904980336094
420,6.968027326427615,-4.412767340411333,-8.238673125503732,-6.216883723783907
23,-6.361968170682147,-7.6058534064294125,-8.651560992158933,6.568139983145381
231,1.9967461638727309,5.334180575180275,-9.044709959489518,9.02758271115378
486,4.755238149054649,-5.539924079061539,-6.362295180495764,-7.148998433999514
449,-6.24721945209575,-5.907555143649217,-8.216517794418813,5.753298195608247
500,2.617054576529462,5.014867114701217,-8.829381524297187,9.67938846720926
51,-2.7545857390556208,8.260549963840834,3.750364406602578,1.1573593989752935
13,-0.7437433827716533,9.41926783915928,3.378994881893056,2.891031630995508
379,-3.2683302846064484,9.164679914674531,4.981634812005261,3.8493405231566182
289,-6.168667222947779,-6.435846281789907,-9.199293922455093,8.48285271886295
442,7.4894728425129875,-5.206484218233098,-6.6024327550276825,-6.698734214746011
162,-2.9592630945319938,9.637136060545824,3.572258406845507,1.8307901989194384
113,-3.227641844305186,8.800838976486476,4.950786401826106,3.448525900890284
65,-6.1579551271080355,-8.009161364493176,-9.362848022915784,7.812897476726621
103,-8.658347440055548,-5.384065281786763,-8.183962100281953,7.267938244588248
471,1.4760557866116932,4.553255561323456,-11.06722168285808,9.58155696301904
59,1.3488096106203076,4.440445718144712,-10.423657167343707,11.543346171013274
145,6.257094666964613,-6.67562797093298,-4.748124966388546,-6.654230272142663
116,0.8126054920230685,4.761380285917114,-8.057559281740254,10.616958894937202
89,-3.098562379996962,9.863888225219348,4.996894322193149,1.2802600886800777
455,1.8882830681912584,4.176139750650107,-10.37320842716619,10.046477477083744
43,-7.506594248939037,-5.067661035279018,-8.130575821180535,6.7610561396044355
445,1.659859293461044,3.041781661294766,-10.882991589804856,10.559023830618406
134,6.629433210120702,-6.056397569268752,-5.563558753915937,-7.948220411367911
496,-6.22108291847844,-4.869905054509597,-9.01527498413006,6.52522567096025
354,6.51759584891613,-5.676365903475709,-6.588356637666066,-6.981912383754784
307,-2.422150554814579,8.715278777732456,4.731639612763604,-0.0143992306601608
36,-7.990203036617099,-5.127839149852324,-7.902649363488549,8.595078010492863
102,7.304753592538196,-5.558481591715702,-6.382209412303885,-6.7204282560202095
318,6.340818531822694,-4.973557254165137,-5.053191909738379,-4.936225992141368
284,2.054304383929942,3.4080336855747264,-9.128337971144834,8.72048167348778
155,-1.8190536313416377,8.613065656312488,4.8639713180385185,1.9857620847225268
205,-4.534340209710358,9.200740442967753,3.9780923714597134,2.825603018736956
487,-0.1945390563792415,7.147020935606575,5.326139026602615,0.3604538127510801
7,3.211770723788817,2.9338437407839173,-8.990910044234093,10.099369785550785
329,2.7756418559687086,4.542609940803688,-8.298557360001205,10.071378394509845
334,2.478188006945784,6.326453900821994,-10.231828344464097,10.326037171321124
237,-6.541130783656856,-7.295397507176748,-8.205545890529725,9.594215773303098
373,2.2021943860176547,5.553453842265509,-8.669993508081637,7.827696439616709
428,3.1304830516016926,3.1215456287953787,-8.975536209021381,8.34478148006623
206,0.6196949630644826,5.9110282991078495,-10.832173349475235,8.705291845443979
161,-2.151410262704467,9.575070654566558,5.722930079403378,3.0269717359756347
227,-7.491144994143219,-8.286770690124168,-9.761561002746914,5.9718383098823695
256,-6.630243507440515,-5.302656313512472,-8.933623289022963,7.602544441269043
249,7.077669316339008,-5.060112179171333,-6.187059100580762,-6.698937642014646
303,-1.92234052925248,11.2047417540083,3.649342511097413,1.40687195433796
267,0.9753892521822364,4.698104308448196,-8.402605959420955,10.117150353904952
287,5.743120515145816,-6.406984125083297,-6.95916194990148,-4.957471709760506
26,2.8827737232239214,3.5783741173519714,-9.755431827870362,9.680776993728186
175,-1.7707310430573395,9.185654409388292,4.524230553839861,1.6720659883514433
270,1.3038929692949788,5.056375932865351,-9.88325979237598,10.64593911591362
157,7.9659678833483,-5.871286313425555,-8.485355554866583,-6.939731790025756
244,4.083803811500574,5.369817786514052,-8.564247588272488,9.990723992441067
414,-7.0376350897302595,-7.306990663223367,-9.850432131896175,5.668666243632933
128,5.64852149140286,-6.430962756959328,-5.849592806199072,-6.1523280209917255
499,2.5723523338887277,3.1931071010572745,-9.482934607937992,8.064171548321681
498,8.26107344426386,-4.856378470568945,-6.63203130376382,-7.223102028346611
436,-1.9621002418827125,8.81209347576443,4.422197633000881,3.071946535927922
453,6.673072272681193,-4.340997231019047,-6.443142047103703,-5.87953800668159
424,-6.713174982938214,-6.387658329267798,-8.549159112728193,9.778823055409598
460,-7.110561721359948,-6.183903228462528,-6.989371661690665,8.45008794504646
337,3.4125077838814892,4.719261862272772,-9.57795749424057,8.086360810889726
214,2.6358182075945926,3.1386589907225044,-9.845686651507297,7.729612969362297
255,2.002662435937495,4.713941510338058,-9.364395980019289,10.76233747321373
112,-8.549032472272643,-6.336749400896012,-9.500951515581855,7.894121584091862
327,5.454927809609379,-5.61027469167077,-4.6309856563728955,-4.100609656738691
211,6.212466925481866,-5.8628275903603075,-6.451863615063323,-6.701920832813451
230,-5.081940664301747,-6.239266732008937,-9.409506746418806,7.896105696854862
431,-6.038983642162545,-7.532733572578338,-9.28451118985079,5.433982184553172
235,4.49703741467913,-6.472371105676897,-6.574630894685682,-7.319089330082507
309,-3.494923669388294,9.518332643716167,4.10962121785566,1.1802968516783878
306,1.6736481004563168,3.812193851602481,-9.909945165301334,11.474945026800729
319,2.9413767178519445,3.8711770117322586,-9.320917800012047,9.7198948494359
473,-7.492415881635656,-7.26781115321193,-8.552462365911104,7.657979705485729
359,-7.517367175402586,-7.411106548277765,-9.461468283060777,6.768045796338448
15,6.902592477503008,-5.285524614669043,-5.2777143309186405,-6.233926649460428
357,6.005302983690973,-4.723256968853316,-6.698275987964529,-6.73555826617332
493,7.162452922578152,-6.285918626096389,-7.533417491568276,-9.204172016212972
475,2.5806271473858984,4.237456947333321,-9.049554121637582,8.47752345016052
285,6.956903355512537,-6.144866353856267,-6.09437371461288,-6.6751020784287345
61,-0.5444724901363609,9.049549680170053,3.940153328235516,2.187149594674954
75,7.869886511533788,-5.171120082965861,-6.589984754707819,-7.291349039654803
140,7.8362388675731856,-3.1636541444158635,-5.783867482644412,-6.006113486349157
350,1.773609108680629,5.768797131940902,-9.0973351624457,10.133074829289704
312,3.706227926322045,3.7025672930519695,-8.509629280652655,9.35968857373918
139,1.4209325909129622,4.481233490063447,-11.18130384761562,9.838671781200285
181,-2.412201658060032,9.609443153635237,3.8216581529946287,4.065556959626193
194,-7.148515881706101,-7.986635502017616,-6.26496795338615,7.382741349513191
32,-5.730353864865594,-7.583286018401834,-8.873316247132973,9.094323551134211
302,-7.960690518751168,-6.2641739863316825,-8.245226498667627,7.0139764761847125
137,2.246984960616062,5.0940423877939995,-11.006675847016982,7.63738823125911
410,-0.8805820774814583,7.634184669983432,2.936496396872947,1.9176219850441132
131,-1.5458214938084285,9.427067055134822,5.4619389962225915,3.869962666594679
438,0.9774910408431424,2.195094966544908,-7.532102984143629,8.294988677518203
340,7.161958614184518,-6.012764464018394,-5.6246901749704845,-5.71654231891827
81,-6.6440126330427045,-6.10924439938898,-10.316914002415851,8.467276958705632
320,0.8264171728289917,4.606054224141051,-8.3916786274383,8.788414138920503
387,-6.925213207506768,-6.636770143953255,-9.07956381449234,7.675578312013
159,2.0711603051898804,4.202043247124792,-10.290301801890706,8.735296125688938
451,-2.2130773459881743,9.275341400378212,4.644992292870563,1.7385825505655843
299,-5.31410316191693,-6.945859854348934,-9.393527283329208,9.204679984939292
370,1.8370125759864675,4.031630856187483,-9.54449864210484,9.251195041611398
261,-7.740040556435223,-7.264665137505772,-7.83203494742157,6.746631045975555
240,-7.711982764255499,-6.408694036889543,-9.390550800916982,7.956454733254215
37,-6.093827032500438,-6.454652031490982,-9.805303899765224,7.275811559356724
8,2.1107071211560235,5.638981636976172,-10.729999228217457,9.204537583960168
398,-2.616227983007308,7.979043805778949,4.086229530880919,0.7752917913518835
314,-0.9580456475302273,9.129960762491182,5.819176020291928,2.040688165350841
171,-6.236904431283726,-5.550957063143516,-8.64180658693454,8.032526673087215
403,3.7000010489406168,3.6078633142129153,-9.019327034898676,11.026593666368424
265,6.622331556759375,-6.635092437662195,-6.526567619801751,-7.0768124477377725
412,-2.431829315405132,8.15300192687006,6.163002913497759,2.5120797276253906
179,6.947605724374121,-6.505008836529662,-6.789858252063531,-5.183464093734569
108,-6.770232396546377,-6.154342969377255,-8.357318524899297,7.547406939777835
300,-7.455265017389044,-6.758099778630585,-6.278243218367216,7.227463015774053
44,6.942410748175064,-7.109799591057882,-5.897070673424461,-6.367551285228807
338,2.744681592691947,3.7886184038291426,-7.861346262850546,8.998560857625284
308,2.1916610589002543,2.74773705901593,-9.699536175432652,8.494289401775097
223,0.465718336204425,3.733336394954997,-8.08755032344964,10.24841878535338
491,-2.5439093927579934,7.845608090578791,5.782701650743122,2.7251027166275064
374,-8.750419112177125,-7.231623077317256,-8.819909377446459,8.999960227773986
301,-5.805995441291498,-7.906624892687007,-8.705358082489134,6.62340210055953
234,5.973674541034053,-5.897736457149994,-7.155920576857949,-6.6398713325703635
480,2.4042356870957295,4.5914932031119795,-8.558026660052109,9.6369862022664
85,-1.9872560574358524,9.31127080143151,4.890371686573978,2.319617893437708
415,-6.0564566071893555,-6.806791626087543,-10.128288656377064,6.028444143435087
452,0.655421536448755,3.936686154028226,-10.75842314014331,7.596216605659866
76,-3.3017183614854506,8.899549686731424,5.144866115208559,2.838924878110854
272,-1.883530275287744,8.15712857178204,3.5689863381669893,2.455642099183917
118,-7.606764366976138,-7.127628228827452,-8.912761185736057,7.944195013049381
260,6.516219069625861,-6.727747091105118,-5.256419986571014,-6.452290966884922
24,-3.3381926339748227,8.454105088001354,5.387172441351363,2.583539949374197
28,4.425715820102451,4.103832758887324,-9.387211067368984,10.448851439247498
400,-6.765399542489231,-6.729807831814069,-9.201939968849866,7.266577291777636
444,-3.348415146275389,8.70507375234711,4.971142267631666,2.948714811063091
347,-7.40235021167031,-5.831100367439057,-9.542671447178767,5.915061619135144
193,-6.969362885438497,-5.439992377826474,-9.51472005869528,9.12446334840952
173,-2.125132174113443,8.98159138010423,2.5724367361882248,1.8840496444279435
332,7.866011336833932,-4.231901734512025,-5.365189757710027,-6.763530115649372
4,-0.4484496981707631,10.769626970641529,4.390914687749028,2.9447406348950875
459,0.4966439202940813,5.424035659348092,-10.1401682599764,11.956396328908138
95,1.8496729349233565,5.045111493407582,-8.935987235670531,7.821804886255636
254,6.329798880341817,-6.549243643237966,-5.2874935172593895,-6.310598154259382
29,7.016140129409775,-3.915034109639355,-6.58696663822984,-6.681226599049521
384,-2.6704833347187593,9.418336985012862,6.526064737438632,2.147747496772571
177,-2.5226948477906843,7.956575199242423,5.4624237483312905,0.7523260339697098
233,3.616805298089148,3.314490207602582,-10.579702463540258,7.244806929636171
310,-7.453289198031507,-7.426968534516339,-8.871081026852009,6.780098144364938
348,6.999482915281994,-5.264030656286813,-5.728779187296218,-5.222209960975101
54,5.7214996818178605,-5.514848803699691,-5.388303026075558,-5.830815632991479
469,-3.924568365103165,8.593640805432964,4.297164319701332,1.170892414719113
239,5.505126608687773,-5.644658080657954,-6.396730646502449,-6.540026660203863
67,-3.0230645403894436,7.955072606309372,4.5771997389549295,2.9283120044419704
143,-2.4606759951079233,8.183336011787286,4.91033566200794,1.9229315744915951
490,-2.637115214533517,8.058745687597897,3.033432515970529,2.176633319807955
165,-2.2282057553177177,8.391586608377729,4.431756585870826,1.480168749281899
228,-2.7786044574973077,9.731828383994284,6.142235888324129,2.047264464360507
204,-3.393055059253883,9.16801123414385,4.698087554674101,0.8301993861101089
115,-2.496195731174843,10.46782020535564,4.375222002990145,4.693338850530351
17,2.563762963068964,4.920606716223556,-10.164820514810671,6.807154751094976
236,7.613704449105892,-4.137634962886246,-7.597849527737909,-6.924374062084218
114,3.694872621701879,4.580470565286955,-10.29332196984236,9.34242796558218
221,5.677196081467149,-7.132835951223408,-6.990217880447953,-5.469516330548565
362,-6.271730681434731,-6.693500470119589,-9.28476137118654,7.517612908397011
262,6.086684789430133,-5.962439660179005,-8.046938848078938,-7.137779869427512
274,6.550264683724173,-5.734368163489629,-5.65528623260143,-6.098693671667822
446,-3.709494030108526,8.679784892357375,4.164933525067145,1.31984045136702
146,-3.0396987706632776,8.438467887553644,4.364827139076457,-0.3287514807948528
16,-1.5830200755211088,10.923702768668454,3.24131126240896,2.536138920631303
250,-6.553494168909152,-8.13122316966125,-7.91430073742911,7.138620779055714
311,1.3542097812211271,5.153493905457433,-9.76326987077936,8.642451883747041
60,7.286903917449192,-5.25237331149002,-8.164558390010727,-6.8745836026653455
321,-2.7326604083786012,9.728286622290415,5.113116460801646,1.9003407712838591
195,2.5588100784345795,3.2629835741298727,-9.560128956714824,9.389078046595683
322,6.8175074879751625,-5.311277136865068,-7.453899733300833,-4.920977423185054
109,-1.3460338708977906,9.02451918921791,3.6583701851801504,2.435273158204003
393,0.9299874701915972,3.845043106226108,-8.375212414104768,9.53991395687979
96,-7.883767957903338,-7.647907158380075,-8.873012644022792,7.557737648035223
126,-5.329126698337193,-7.878463634014738,-7.854005358159427,7.1095340712731945
253,5.5951703968620805,-6.82102070801367,-5.413193063884412,-4.621296430349398
232,4.669553005632647,-5.005307530316943,-7.436243681597794,-6.092662938820174
243,-6.043935079086128,-8.009816447933565,-8.308523578720727,8.765091536156604
495,8.041318116072764,-6.00326430103343,-6.074807026578131,-6.071587964160103
397,-2.4636257831489363,8.362685780592507,6.783822925553427,2.607088706258743
477,4.513178602029739,-2.6154692527744823,-5.307443846791935,-6.108670888802164
107,-1.6095977476194996,9.321585649074931,5.452740955067061,2.602798525864344
82,5.7134141139638395,-4.667235670259445,-6.899464100972036,-5.523852004650179
466,-2.530099217016898,9.131613511507105,5.917543732016526,1.3815982951049022
3,6.465956374903595,-4.378341367286292,-7.009464834982523,-7.131101809581577
464,7.60198944992168,-5.466093621232653,-6.975938030498425,-5.970406277725222
123,7.774903066780603,-5.804611510022963,-8.136533124064869,-5.069988302217332
360,5.770870229251874,-6.580098140474337,-6.589979547759515,-5.964544296115146
176,-3.3489194652335263,8.414893482754302,2.5159831119182945,1.447414662259971
21,5.067662113976302,-4.858179472358361,-6.846561707541428,-6.1851167909457745
492,-3.2245013323127183,9.693883877133,3.909512204510965,2.189628273522707
476,1.3985312741683709,6.075482909787696,-9.778992514847298,9.615629916419609
396,-6.708761753023328,-7.064092929628626,-8.819893823570617,7.671104620860374
335,6.716708326535838,-4.900444111312257,-5.878767838563513,-7.178266457922197
101,4.035687482390799,4.297986887003647,-9.95363166539606,9.582877349104796
56,-6.619904689429788,-7.784426218380355,-8.199735297858636,5.662002853229743
336,-6.466192287927569,-5.003313780717881,-9.612116955739584,6.078868212187286
129,8.52215059222598,-4.673169720719828,-6.810822551516739,-5.0508934411962105
147,0.6751739453344796,3.1898375174102584,-8.387896206139526,8.74130276426849
263,4.476183269994399,-4.905796109284055,-6.898828841811911,-6.422443085235485
269,1.373022689798169,2.9375112891586532,-9.554226645824723,8.628223812181245
363,2.4215233574694555,4.808647495623651,-10.071496576383325,10.97218380652992
417,8.162302559250566,-5.122406101879699,-7.387687480187193,-4.477817236597136
57,6.16000339422216,-6.872835219723488,-6.222614408946784,-8.100349168494175
153,-3.317691225945938,8.512529084613787,5.5552809539301755,2.3019207936004165
185,2.1265013388160523,4.098858428021387,-10.342274702950627,9.117521966373111
158,-1.6837812740647204,9.827795764198962,5.9453576433824304,1.9941735255734911
49,6.175013468937519,-5.767670057312756,-5.817216407854288,-6.325487533120386
68,1.3833384871746737,2.838361762513411,-7.946294953947582,10.40801413258252
344,-8.258946419165797,-7.611039633217866,-8.871454729509807,9.118080779016491
64,-7.331933510400347,-9.303988919904905,-10.422230580121736,8.083937571643
401,-3.3314180186191815,9.257973339690237,4.884845407336824,1.4662265085696022
226,-2.4489674131117236,11.47752824068361,4.447517871446979,2.2747170262743444
343,6.932140687554577,-6.0121227601385545,-5.776806854382713,-6.806813459553848
297,7.945847362569544,-5.776085848733359,-7.362802888152898,-6.836684724159541
448,3.498840584590072,5.541542910068362,-10.21387281559348,9.794000576677297
125,-7.42454627796022,-6.480973478923876,-8.875962459060858,8.426824797515225
465,-2.1655793334842888,7.251245972835589,4.963962805622897,1.5880874035244157
292,5.821262595359715,-5.667073903388102,-7.435639667843595,-9.253260286425933
46,7.385696713100868,-6.03454534355269,-6.296509938633116,-5.815970585227224
83,7.085412620166102,-4.849282945348282,-8.726433091399826,-7.341640507641261
20,2.545135722899676,3.587751551982331,-9.612664706344932,11.54046740185175
423,2.700226106203445,3.673540147775207,-7.431001900818448,8.792482120236548
316,2.078950159761283,4.6911443102776405,-9.658808892143044,9.884698687066088
87,-7.642886347693787,-8.684991693940466,-10.465870194519171,7.371607862160086
188,-3.5464437773792064,8.823947450114716,3.764260582843344,0.5903699529763957
229,-7.314123418583586,-7.189281716744586,-8.616193985002297,6.844774293835226
479,-3.2112507169301026,8.686623981600555,4.247770683095943,0.5096547358086134
38,-4.024388685251302,10.381160395642848,6.2848465497293855,1.7241336443843536
124,2.89236796555293,4.657133443893514,-9.437891208940377,9.763158045706112
242,7.268007077013633,-3.695722316722778,-6.34270694818258,-7.059912744160458
78,2.516330421146915,4.422125321744817,-10.13861526792937,8.726573675301834
295,5.469813024848632,-4.565538397972913,-6.828117953156381,-6.130750147058484
416,0.9189336286903024,2.008560962968427,-9.199731509552986,11.891196560672675
72,-6.697760936092775,-6.6318890069756105,-9.297688656176254,6.473678546033911
98,-6.510953882278369,-7.2734484056033075,-8.809582933701193,8.601974778106001
488,-8.327641091567514,-9.078915549896028,-8.398313306582677,6.821468691146092
304,6.046640755646655,-5.284443530359453,-7.361886095046279,-6.030117903111858
86,-3.038957826819789,9.52755356131168,4.736956385576142,2.9418146744736213
39,-6.945706989798587,-8.091125793038403,-9.49016386443817,7.370921586815117
247,-2.4115215245039185,8.241276344342857,4.664389010487044,2.4711679751861815
279,7.772965535994448,-4.805691324311619,-7.136378323681597,-5.924857515806789
376,1.579017983672666,3.276648841894009,-9.761256174007372,11.10990552338223
151,6.972020530193216,-5.900820372733145,-6.82953715772623,-7.926612870198119
328,3.2605833062978116,4.182723132656972,-9.279477101484988,11.100411987875123
461,-6.122638574505919,-7.802274917453572,-7.96872183653035,8.679160774303654
174,-5.830074475831935,-7.415344804836515,-7.520933691001685,7.521122520191103
45,7.749812451007006,-3.794870332213883,-7.593050250310404,-5.835210579694802
380,6.541550672004206,-5.3055008606242,-7.934376807926487,-7.458677271841129
430,3.0183479206699926,3.4046564673514492,-11.010120780825794,10.899530695195374
382,-3.186119623358709,9.625962417039192,5.670878358724052,2.904449803056931
290,-6.471374435436799,-8.582693197513787,-7.809172119310366,7.796120397911746
106,-6.612576925282012,-5.99047879765251,-8.756043767360586,8.389003290564055
117,2.800661311030814,3.610265839592376,-10.406508997506258,9.394822585828932
450,-2.409546257965109,8.510810474082124,3.0892154051619687,2.0417326587467595
84,-6.197735701524959,-5.033402267539913,-8.254399571310046,6.964230824711644
391,7.601977861384522,-5.240132366337184,-5.638404869009991,-5.815731515816365
346,-6.536901844773566,-6.423356374122163,-8.268560476403806,7.771231475516018
273,-6.929090900803703,-6.205290101109343,-9.961049778198309,7.705932661682754
288,-6.386309290270381,-6.695273469581073,-9.696685536817224,8.023832794907694
170,-1.8272446517577865,8.704019371604867,4.964045188716543,1.8430266295730475
184,-3.4838792932800717,9.801370731940777,5.798474415235505,1.1524873655890215
277,-6.883229730241839,-8.038474282468488,-7.33492945486886,8.200885206074375
419,5.086306959121892,-6.282270463780772,-5.56923597623616,-7.586199226100573
341,0.3293434206687906,4.06311192912616,-10.576901221234868,8.294607726024115
358,-5.684580562226428,-8.40329649805972,-9.397249603907598,7.700734790563224
441,7.30809848444084,-4.815647648807919,-7.9710605202269615,-7.094634581497538
352,-7.222314785231619,-7.251550459271738,-10.245839451353833,6.545706227907828
305,-6.623597456837395,-5.897418609330432,-7.172853312173434,8.337892980516834
190,-2.147561598005116,8.369166373593199,5.001274441736515,3.511206250406701
167,4.097561107489442,3.4722637378313417,-7.852346310918701,9.596107826702534
238,5.994777132881011,-7.583850683290934,-5.852298056333007,-4.9582512577683655
264,-3.3559913411211553,7.499438903512459,4.19336388416108,2.8295684782642043
386,-2.9883718608980403,8.828627151534507,3.533543862222073,0.7769630598600612
325,6.453944535655753,-4.619447689567412,-5.769943933577125,-9.272298437595603
19,1.8492284105803063,4.177030603502377,-10.684585200979154,7.958146160645592
9,-5.711845129491463,-6.625688749974733,-8.500725094560808,6.911645949376235
383,1.4417767850594534,4.75002996034152,-7.918405609732545,9.792868573062869
187,1.4088975713232363,3.8589818694327818,-9.97648693262518,9.568613265615374
389,6.622447059049508,-5.473056627614871,-7.173104175779634,-5.907848758467234
333,6.843237117585771,-6.106384079245165,-6.025016812396297,-6.627311213070353
271,-6.508481317779961,-7.484094779991767,-8.751737969163111,7.167845680106623
482,-7.215411890441398,-5.211088067986553,-9.097919107999616,5.820379962380597
497,5.033721000102926,-4.588478431977306,-7.098092232656037,-7.142162239945704
40,-6.288972360458961,-5.771406012693038,-8.017845575438646,7.830796946606001
189,-0.3870414260401169,10.04675138874947,3.120508870274088,1.4889356110744807
283,-9.35127169127856,-7.677004848746424,-8.261255629455471,7.1204775294557106
439,-5.480271754565268,-5.955475910363178,-8.778697386715836,6.676586137793129
349,-3.8136671235576034,9.68395867702836,5.00647708232495,1.0332898976133769
77,-1.932640659996984,9.32553628274186,7.718759644683339,3.0927445953753088
426,7.345807220519171,-6.087037276190487,-5.190376018271346,-5.96226761073323
275,6.731292568942938,-7.210769285899407,-6.672709732907851,-7.084066208521907
252,-3.1598401921745776,8.527160744433628,4.047484911989232,1.109178914260916
130,-2.4333930648590236,8.337124416686212,5.614998569645852,1.8261123024385937
484,7.531962593155594,-5.831054983447279,-6.543980569448613,-3.138802235086463
69,-2.52771075904514,8.725627489278185,4.962597396566191,1.145938740388409
390,-8.961556599034992,-5.183653224985909,-8.627310289433392,7.226809803628311
225,-2.251647232329986,8.939840212432156,2.72110762092906,1.946655808491515
425,1.0326720982938389,5.102222743909126,-10.57079750762226,9.17356389324286
52,1.8521156123392477,3.7082235065936344,-8.891922666627236,10.353502251810395
474,3.6360115039228234,4.614985857434889,-9.8324667493746,10.362284211528245
342,2.793998945512521,1.3129089352908343,-8.439544413711847,7.658483264461786
27,-3.5220287433871738,9.328533460793595,3.73185476070689,0.5608659826054403
166,1.3532274962042594,5.201356243316987,-10.193925653820816,11.224206756786822
215,-1.5587737848667,8.437382472535921,3.7414641648797433,2.4650888554472377
2,7.520150113465679,-7.099197466681225,-6.237121076311576,-4.392980803873039
63,-1.555195859559548,9.66567737950412,4.324609591587755,2.732138904433999
135,-7.100591364980934,-6.853223754281416,-8.629944948688458,5.2817880470744125
324,6.514544074537887,-4.942409513274695,-5.570011935305775,-8.080441776169504
339,-1.043548854131196,8.788509827711788,4.707407040916025,0.5484214977272752
472,-3.571501336778855,9.487878558833504,3.720454601994298,3.523104088958272
224,0.0285645922927206,4.535508125768482,-8.360641121610659,8.188556024548681
88,1.6996203960220404,3.9106185394658626,-8.260115972234892,9.954427052640543
467,6.488720020441795,-5.081877709984012,-6.150304027620298,-7.083879134670143
149,2.560596313913809,5.233958893230712,-9.953262843626836,8.55898737590088
169,-1.9941499367467024,12.867017618853044,5.210769346921269,3.108735324121331
266,-6.234143010010195,-4.716854869970486,-9.14610599158901,7.542673243162642
454,5.861069064100196,-6.374065384685593,-6.5316444744427775,-6.804000380628451
160,-2.7617657744459105,7.766502946233474,6.272290140159736,0.5430283059800993
435,2.2630534143527443,6.763134670101305,-9.022800468452408,7.637434284084068
437,-6.378710003526889,-7.857664838074498,-8.738995451206785,8.074910038870492
191,-6.823902278862575,-5.785918074804998,-10.53079238635083,8.853073234959316
251,7.837766187483078,-5.044913939233413,-6.012052448316405,-5.261759564614897
330,7.562437442241684,-6.556396737114822,-4.870812086898466,-6.6030334039738925
100,-2.31013792747928,8.414069251039528,4.70968092121812,1.587856087078972
199,-3.109836312971555,8.722592378405047,4.038172223998704,3.82544786844967
259,-6.949792902609917,-8.541070526791938,-8.408709537503425,7.531210602661814
440,2.0069903856911804,4.740743055521998,-9.468729745669798,8.42512810235833
14,-7.592472973828435,-6.77367936558405,-9.093304974056863,8.827515904081391
434,-7.325129712552042,-5.426725116158246,-7.258755610905298,6.8006628883454345
178,3.218871736528667,4.002921982893939,-9.615614653593884,8.46492908416669
70,2.685181503531589,5.334925413406235,-9.407288555380244,8.10136509528404
34,3.044870666873816,6.601203962260183,-8.204037295573432,9.962106163292246
406,-2.3889019913408513,9.528724962257073,5.351493714316991,0.848527592102863
281,-7.670101646596582,-6.4086412361399505,-6.956303260160976,8.66894296165368
209,6.007371220785482,-5.321295241760536,-5.563091130630305,-5.577618473117749
315,-9.530596999544285,-5.788602741353484,-7.592242564138381,5.250132683090554
25,-6.9191823450079255,-6.198608895903322,-8.810009380505551,7.353279054994446
447,-7.299814008247128,-7.161894202136454,-10.182778267670288,6.404870969014505
456,6.817313792278049,-4.435620250826517,-7.370043221137629,-5.192031241802278
368,-1.7181656760097033,8.104898673403584,6.042673147164201,0.5713186211484511
210,1.3341498896864523,6.4138873612652185,-8.606544627092356,9.073365659731264
198,-2.980235928671073,9.24633606555596,3.191794494730777,0.5657059095641768
111,6.621337910957799,-3.980966189764733,-4.702241441310118,-6.789006059517596
366,1.801046611278404,3.884638256031989,-9.28090341627485,10.213934255779185
462,-3.282022837590322,8.777467521458314,4.154515288398998,2.0550438233270545
220,3.749843404964888,4.597775225594942,-9.550306635915751,9.518228369958146
180,0.6503990919328198,2.5478901580441686,-8.117139786590343,9.18887336608802
377,8.72293548575841,-6.6726023780209,-8.893788178604318,-6.6179140248114345
196,-1.4507731362031624,7.255546641775209,3.4566203235623263,-0.0660624938193685
468,-3.2924509153889874,8.692224611992648,5.453396053597771,0.7423053675067768
207,2.9861793516590858,6.371974557512261,-10.145801899091785,8.028394063660809
138,-1.885077806000595,9.642631637462603,4.627632063381187,1.0759153124549004
58,-3.436128094630833,8.954760772136524,1.3986114961590288,0.9487820426064422
148,6.402790327878487,-6.5964643817506685,-4.192557938360174,-6.50779561536366
407,-6.865697899238324,-6.90423468038595,-8.640242995868155,7.17916250357476
248,-3.053580347577933,9.125208717908189,3.488885258805799,2.348867702286404
405,6.772057622792921,-5.201732410394009,-6.319898209485534,-4.63685876250057
55,3.12782616782216,5.3484818614812895,-8.949579892054766,8.255192130509403
457,-6.571825422259211,-8.590277985932572,-10.186513178741723,8.066787009521418
203,-7.125370255237214,-7.152833163023617,-11.535214399577582,7.269228048980891
216,-2.3956802778015023,9.67641680271937,6.225895652373453,0.735354185113883
268,7.618310016535172,-5.326023424562792,-7.00972796570179,-4.556598910321812
286,-7.046745271468124,-6.733395906842624,-7.631818790127653,6.506587244511467
483,-8.159931589822165,-6.0076522649958015,-8.18812657867735,7.22434705171932
394,-4.352694765277649,-7.410978366196267,-9.327767199154232,8.367683792567775
481,6.511404301380743,-4.800343239231538,-4.751222397869342,-5.016995349347276
392,-7.3972384901874415,-6.6563216416370485,-8.854750652708763,8.511916188946786
326,6.544403597470963,-5.922039509624487,-6.293448492744806,-5.170031500323134
313,1.9581618882711835,4.49021396622439,-9.266952898633678,9.82011779747517
110,1.5545990335522848,4.507955437651626,-9.635230692963136,9.875237870463009
12,6.971932089124464,-6.005571288560764,-6.655311924773532,-7.8951006116279805
142,0.7965345718618351,2.6970766757110898,-9.36385829552398,10.44529534585204
294,-1.8638216734676027,10.382917685730671,3.674955375647997,2.6592211439391713
293,-1.636876986332072,9.197628133936677,6.829681769445774,1.1648713985855803
245,8.288817345379828,-5.011090295362584,-6.288067016956395,-7.933875614828493
485,2.016229323324283,4.999942330372551,-9.506480755536383,9.299307390048744
280,-2.281737688448621,10.32142888248075,3.032395601666874,2.157803542473036
172,-6.319836743220231,-5.799328867721325,-8.004405602087106,7.78270299472714
